dil_slug;dil_nazev;rocnik;strana;tema;sekce
7-dil;Matýskova matematika, 7. díl;3;2;"Orientace na číselné ose; jednotky, desítky";Opakování (číselný obor 0–100)
7-dil;Matýskova matematika, 7. díl;3;3;Sčítání a odčítání;Opakování (číselný obor 0–100)
7-dil;Matýskova matematika, 7. díl;3;4;Zápis a řešení slovních úloh;Opakování (číselný obor 0–100)
7-dil;Matýskova matematika, 7. díl;3;5;Sčítání a odčítání;Opakování (číselný obor 0–100)
7-dil;Matýskova matematika, 7. díl;3;6;Sčítání a odčítání;Opakování (číselný obor 0–100)
7-dil;Matýskova matematika, 7. díl;3;7;Sčítání a odčítání;Opakování (číselný obor 0–100)
7-dil;Matýskova matematika, 7. díl;3;8;Sčítání a odčítání;Opakování (číselný obor 0–100)
7-dil;Matýskova matematika, 7. díl;3;9;Sčítání a odčítání;Opakování (číselný obor 0–100)
7-dil;Matýskova matematika, 7. díl;3;10;Písemné sčítání a odčítání;Opakování (číselný obor 0–100)
7-dil;Matýskova matematika, 7. díl;3;11;Finanční gramotnost (Kč, €);Opakování (číselný obor 0–100)
7-dil;Matýskova matematika, 7. díl;3;12;Násobení a dělení čísly 2, 3;Opakování (číselný obor 0–100)
7-dil;Matýskova matematika, 7. díl;3;13;Násobení a dělení čísly 2, 3;Opakování (číselný obor 0–100)
7-dil;Matýskova matematika, 7. díl;3;14;Násobení čísly 0, 1, 10 a dělení čísly 1, 10;Opakování (číselný obor 0–100)
7-dil;Matýskova matematika, 7. díl;3;15;Násobení čísly 0, 1, 10 a dělení čísly 1, 10;Opakování (číselný obor 0–100)
7-dil;Matýskova matematika, 7. díl;3;16;Násobení a dělení čísly 4, 5;Opakování (číselný obor 0–100)
7-dil;Matýskova matematika, 7. díl;3;17;Násobení a dělení čísly 4, 5;Opakování (číselný obor 0–100)
7-dil;Matýskova matematika, 7. díl;3;18;Násobení a dělení čísly 6, 7;Opakování (číselný obor 0–100)
7-dil;Matýskova matematika, 7. díl;3;19;Násobení a dělení čísly 6, 7;Opakování (číselný obor 0–100)
7-dil;Matýskova matematika, 7. díl;3;20;Násobení a dělení čísly 8, 9;Opakování (číselný obor 0–100)
7-dil;Matýskova matematika, 7. díl;3;21;Násobení a dělení čísly 8, 9;Opakování (číselný obor 0–100)
7-dil;Matýskova matematika, 7. díl;3;22;Početní operace se závorkami;Opakování (číselný obor 0–100)
7-dil;Matýskova matematika, 7. díl;3;23;Početní operace se závorkami;Opakování (číselný obor 0–100)
7-dil;Matýskova matematika, 7. díl;3;24;Hodiny a určování času;Opakování (číselný obor 0–100)
7-dil;Matýskova matematika, 7. díl;3;25;Hodiny a určování času;Opakování (číselný obor 0–100)
7-dil;Matýskova matematika, 7. díl;3;26;Zkoušky správnosti;Číselný obor 0–100
7-dil;Matýskova matematika, 7. díl;3;27;Zkoušky správnosti;Číselný obor 0–100
7-dil;Matýskova matematika, 7. díl;3;28;Jednociferná, dvojciferná a trojciferná čísla;Číselný obor 0–100
7-dil;Matýskova matematika, 7. díl;3;29;Sudá a lichá čísla;Číselný obor 0–100
7-dil;Matýskova matematika, 7. díl;3;30;Zaokrouhlování na desítky;Číselný obor 0–100
7-dil;Matýskova matematika, 7. díl;3;31;Sčítání a odčítání bez přechodu přes základ 10;Sčítání a odčítání dvojciferných čísel
7-dil;Matýskova matematika, 7. díl;3;32;Sčítání a odčítání bez přechodu přes základ 10;Sčítání a odčítání dvojciferných čísel
7-dil;Matýskova matematika, 7. díl;3;33;Sčítání a odčítání bez přechodu přes základ 10;Sčítání a odčítání dvojciferných čísel
7-dil;Matýskova matematika, 7. díl;3;34;Sčítání a odčítání bez přechodu přes základ 10;Sčítání a odčítání dvojciferných čísel
7-dil;Matýskova matematika, 7. díl;3;35;Sčítání do celých desítek a odčítání k celým desítkám;Sčítání a odčítání dvojciferných čísel
7-dil;Matýskova matematika, 7. díl;3;36;Sčítání do celých desítek a odčítání k celým desítkám;Sčítání a odčítání dvojciferných čísel
7-dil;Matýskova matematika, 7. díl;3;37;Sčítání do celých desítek a odčítání k celým desítkám;Sčítání a odčítání dvojciferných čísel
7-dil;Matýskova matematika, 7. díl;3;38;Sčítání do celých desítek a odčítání k celým desítkám;Sčítání a odčítání dvojciferných čísel
7-dil;Matýskova matematika, 7. díl;3;39;Sčítání a odčítání s přechodem přes základ 10;Sčítání a odčítání dvojciferných čísel
7-dil;Matýskova matematika, 7. díl;3;40;Sčítání a odčítání s přechodem přes základ 10;Sčítání a odčítání dvojciferných čísel
7-dil;Matýskova matematika, 7. díl;3;41;Sčítání a odčítání s přechodem přes základ 10;Sčítání a odčítání dvojciferných čísel
7-dil;Matýskova matematika, 7. díl;3;42;Sčítání a odčítání s přechodem přes základ 10;Sčítání a odčítání dvojciferných čísel
7-dil;Matýskova matematika, 7. díl;3;43;Sčítání a odčítání více čísel;Sčítání a odčítání dvojciferných čísel
7-dil;Matýskova matematika, 7. díl;3;44;Sčítání a odčítání více čísel;Sčítání a odčítání dvojciferných čísel
7-dil;Matýskova matematika, 7. díl;3;45;Sčítání a odčítání více čísel;Sčítání a odčítání dvojciferných čísel
7-dil;Matýskova matematika, 7. díl;3;46;Početní operace bez závorek a se závorkami;Číselný obor 0–100
7-dil;Matýskova matematika, 7. díl;3;47;Početní operace bez závorek a se závorkami;Číselný obor 0–100
7-dil;Matýskova matematika, 7. díl;3;48;Početní operace bez závorek a se závorkami;Číselný obor 0–100
7-dil;Matýskova matematika, 7. díl;3;49;Násobení mimo rozsah malé násobilky;Číselný obor 0–100
7-dil;Matýskova matematika, 7. díl;3;50;Násobení mimo rozsah malé násobilky;Číselný obor 0–100
7-dil;Matýskova matematika, 7. díl;3;51;Násobení mimo rozsah malé násobilky;Číselný obor 0–100
7-dil;Matýskova matematika, 7. díl;3;52;Písemné násobení – vyvození [rozšiřující];Číselný obor 0–100
7-dil;Matýskova matematika, 7. díl;3;53;Písemné násobení – vyvození [rozšiřující];Číselný obor 0–100
7-dil;Matýskova matematika, 7. díl;3;54;Dělení mimo rozsah malé násobilky;Číselný obor 0–100
7-dil;Matýskova matematika, 7. díl;3;55;Dělení mimo rozsah malé násobilky;Číselný obor 0–100
7-dil;Matýskova matematika, 7. díl;3;56;Jednotky délky, hmotnosti, objemu, času, teploty a rychlosti;Číselný obor 0–100
7-dil;Matýskova matematika, 7. díl;3;57;Jednotky délky, hmotnosti, objemu, času, teploty a rychlosti;Číselný obor 0–100
7-dil;Matýskova matematika, 7. díl;3;58;Jednotky délky, hmotnosti, objemu, času, teploty a rychlosti;Číselný obor 0–100
7-dil;Matýskova matematika, 7. díl;3;59;Jednotky délky, hmotnosti, objemu, času, teploty a rychlosti;Číselný obor 0–100
7-dil;Matýskova matematika, 7. díl;3;60;Jednoduché převody jednotek;Číselný obor 0–100
7-dil;Matýskova matematika, 7. díl;3;61;Jednoduché převody jednotek;Číselný obor 0–100
7-dil;Matýskova matematika, 7. díl;3;62;Zlomky – úvodní seznámení [rozšiřující];Číselný obor 0–100
7-dil;Matýskova matematika, 7. díl;3;63;Zlomky – úvodní seznámení [rozšiřující];Číselný obor 0–100
7-dil;Matýskova matematika, 7. díl;3;64;Zlomky – úvodní seznámení [rozšiřující];Číselný obor 0–100
8-dil;Matýskova matematika, 8. díl;3;2;"Vyvození číselného oboru; orientace na číselné ose";Číselný obor 0–1 000
8-dil;Matýskova matematika, 8. díl;3;3;"Vyvození číselného oboru; orientace na číselné ose";Číselný obor 0–1 000
8-dil;Matýskova matematika, 8. díl;3;4;Jednotky, desítky, stovky;Číselný obor 0–1 000
8-dil;Matýskova matematika, 8. díl;3;5;Porovnávání čísel;Číselný obor 0–1 000
8-dil;Matýskova matematika, 8. díl;3;6;Porovnávání čísel;Číselný obor 0–1 000
8-dil;Matýskova matematika, 8. díl;3;7;Sčítání a odčítání po stovkách;Číselný obor 0–1 000
8-dil;Matýskova matematika, 8. díl;3;8;Sčítání a odčítání po stovkách;Číselný obor 0–1 000
8-dil;Matýskova matematika, 8. díl;3;9;Přičítání k celým stovkám a odčítání k nejbližší stovce;Přičítání a odčítání jedno- a dvojciferných čísel
8-dil;Matýskova matematika, 8. díl;3;10;Přičítání k celým stovkám a odčítání k nejbližší stovce;Přičítání a odčítání jedno- a dvojciferných čísel
8-dil;Matýskova matematika, 8. díl;3;11;Přičítání k celým stovkám a odčítání k nejbližší stovce;Přičítání a odčítání jedno- a dvojciferných čísel
8-dil;Matýskova matematika, 8. díl;3;12;Přičítání a odčítání bez přechodu přes základ 100;Přičítání a odčítání jedno- a dvojciferných čísel
8-dil;Matýskova matematika, 8. díl;3;13;Přičítání a odčítání bez přechodu přes základ 100;Přičítání a odčítání jedno- a dvojciferných čísel
8-dil;Matýskova matematika, 8. díl;3;14;Přičítání a odčítání bez přechodu přes základ 100;Přičítání a odčítání jedno- a dvojciferných čísel
8-dil;Matýskova matematika, 8. díl;3;15;Přičítání do celých stovek a odčítání od celých stovek;Přičítání a odčítání jedno- a dvojciferných čísel
8-dil;Matýskova matematika, 8. díl;3;16;Přičítání do celých stovek a odčítání od celých stovek;Přičítání a odčítání jedno- a dvojciferných čísel
8-dil;Matýskova matematika, 8. díl;3;17;Přičítání do celých stovek a odčítání od celých stovek;Přičítání a odčítání jedno- a dvojciferných čísel
8-dil;Matýskova matematika, 8. díl;3;18;Přičítání a odčítání po jednotkách s přechodem přes základ 100;Přičítání a odčítání jedno- a dvojciferných čísel
8-dil;Matýskova matematika, 8. díl;3;19;Přičítání a odčítání po jednotkách s přechodem přes základ 100;Přičítání a odčítání jedno- a dvojciferných čísel
8-dil;Matýskova matematika, 8. díl;3;20;Přičítání a odčítání po jednotkách s přechodem přes základ 100;Přičítání a odčítání jedno- a dvojciferných čísel
8-dil;Matýskova matematika, 8. díl;3;21;Přičítání a odčítání po desítkách s přechodem přes základ 100;Přičítání a odčítání jedno- a dvojciferných čísel
8-dil;Matýskova matematika, 8. díl;3;22;Přičítání a odčítání po desítkách s přechodem přes základ 100;Přičítání a odčítání jedno- a dvojciferných čísel
8-dil;Matýskova matematika, 8. díl;3;23;Přičítání a odčítání po desítkách s přechodem přes základ 100;Přičítání a odčítání jedno- a dvojciferných čísel
8-dil;Matýskova matematika, 8. díl;3;24;Přičítání a odčítání s přechodem přes základ 100;Přičítání a odčítání jedno- a dvojciferných čísel
8-dil;Matýskova matematika, 8. díl;3;25;Přičítání a odčítání s přechodem přes základ 100;Přičítání a odčítání jedno- a dvojciferných čísel
8-dil;Matýskova matematika, 8. díl;3;26;Přičítání a odčítání s přechodem přes základ 100;Přičítání a odčítání jedno- a dvojciferných čísel
8-dil;Matýskova matematika, 8. díl;3;27;Přičítání a odčítání celých stovek;Sčítání a odčítání trojciferných čísel
8-dil;Matýskova matematika, 8. díl;3;28;Přičítání a odčítání celých stovek;Sčítání a odčítání trojciferných čísel
8-dil;Matýskova matematika, 8. díl;3;29;Přičítání a odčítání celých stovek;Sčítání a odčítání trojciferných čísel
8-dil;Matýskova matematika, 8. díl;3;30;Sčítání a odčítání bez přechodu přes základ 100;Sčítání a odčítání trojciferných čísel
8-dil;Matýskova matematika, 8. díl;3;31;Sčítání a odčítání bez přechodu přes základ 100;Sčítání a odčítání trojciferných čísel
8-dil;Matýskova matematika, 8. díl;3;32;Sčítání a odčítání bez přechodu přes základ 100;Sčítání a odčítání trojciferných čísel
8-dil;Matýskova matematika, 8. díl;3;33;Sčítání a odčítání s přechodem přes základ 100;Sčítání a odčítání trojciferných čísel
8-dil;Matýskova matematika, 8. díl;3;34;Sčítání a odčítání s přechodem přes základ 100;Sčítání a odčítání trojciferných čísel
8-dil;Matýskova matematika, 8. díl;3;35;Sčítání a odčítání s přechodem přes základ 100;Sčítání a odčítání trojciferných čísel
8-dil;Matýskova matematika, 8. díl;3;36;Zaokrouhlování na stovky;Číselný obor 0–1 000
8-dil;Matýskova matematika, 8. díl;3;37;Dělení se zbytkem;Číselný obor 0–1 000
8-dil;Matýskova matematika, 8. díl;3;38;Dělení se zbytkem;Číselný obor 0–1 000
8-dil;Matýskova matematika, 8. díl;3;39;Dělení se zbytkem;Číselný obor 0–1 000
8-dil;Matýskova matematika, 8. díl;3;40;Dělení se zbytkem;Číselný obor 0–1 000
8-dil;Matýskova matematika, 8. díl;3;41;Dělení se zbytkem;Číselný obor 0–1 000
8-dil;Matýskova matematika, 8. díl;3;42;Dělení se zbytkem;Číselný obor 0–1 000
8-dil;Matýskova matematika, 8. díl;3;43;Dělení se zbytkem;Číselný obor 0–1 000
8-dil;Matýskova matematika, 8. díl;3;44;Dělení se zbytkem;Číselný obor 0–1 000
8-dil;Matýskova matematika, 8. díl;3;45;Dělení se zbytkem;Číselný obor 0–1 000
8-dil;Matýskova matematika, 8. díl;3;46;Násobení a dělení čísly 10, 100;Číselný obor 0–1 000
8-dil;Matýskova matematika, 8. díl;3;47;"Násobení číslem končícím na jednu nebo dvě nuly; dělení čísla končícího na jednu nebo dvě nuly";Číselný obor 0–1 000
8-dil;Matýskova matematika, 8. díl;3;48;"Násobení číslem končícím na jednu nebo dvě nuly; dělení čísla končícího na jednu nebo dvě nuly";Číselný obor 0–1 000
8-dil;Matýskova matematika, 8. díl;3;49;"Násobení číslem končícím na jednu nebo dvě nuly; dělení čísla končícího na jednu nebo dvě nuly";Číselný obor 0–1 000
8-dil;Matýskova matematika, 8. díl;3;50;"Násobení číslem končícím na jednu nebo dvě nuly; dělení čísla končícího na jednu nebo dvě nuly";Číselný obor 0–1 000
8-dil;Matýskova matematika, 8. díl;3;51;Převody jednotek;Číselný obor 0–1 000
8-dil;Matýskova matematika, 8. díl;3;52;Převody jednotek;Číselný obor 0–1 000
8-dil;Matýskova matematika, 8. díl;3;53;Převody jednotek;Číselný obor 0–1 000
8-dil;Matýskova matematika, 8. díl;3;54;Převody jednotek;Číselný obor 0–1 000
8-dil;Matýskova matematika, 8. díl;3;55;Sloučené početní operace bez závorek a se závorkami;Číselný obor 0–1 000
8-dil;Matýskova matematika, 8. díl;3;56;Sloučené početní operace bez závorek a se závorkami;Číselný obor 0–1 000
8-dil;Matýskova matematika, 8. díl;3;57;Násobení mimo rozsah malé násobilky;Číselný obor 0–1 000
8-dil;Matýskova matematika, 8. díl;3;58;Násobení mimo rozsah malé násobilky;Číselný obor 0–1 000
8-dil;Matýskova matematika, 8. díl;3;59;Písemné násobení – rozšíření učiva [rozšiřující];Číselný obor 0–1 000
8-dil;Matýskova matematika, 8. díl;3;60;Písemné násobení – rozšíření učiva [rozšiřující];Číselný obor 0–1 000
8-dil;Matýskova matematika, 8. díl;3;61;Dělení mimo rozsah malé násobilky;Číselný obor 0–1 000
8-dil;Matýskova matematika, 8. díl;3;62;Zlomky a porovnávání zlomků [rozšiřující];Číselný obor 0–1 000
8-dil;Matýskova matematika, 8. díl;3;63;Zlomky a porovnávání zlomků [rozšiřující];Číselný obor 0–1 000
8-dil;Matýskova matematika, 8. díl;3;64;Zlomky a porovnávání zlomků [rozšiřující];Číselný obor 0–1 000
geometrie-3;Geometrie pro 3. ročník;3;2;Opakování – přímá čára, křivá čára, lomená čára;
geometrie-3;Geometrie pro 3. ročník;3;3;Opakování – bod;
geometrie-3;Geometrie pro 3. ročník;3;4;Opakování – přímka, bod na přímce;
geometrie-3;Geometrie pro 3. ročník;3;5;Opakování – vzájemná poloha bodu a přímky;
geometrie-3;Geometrie pro 3. ročník;3;6;"Opakování – úsečka; měření, rýsování a porovnávání úseček";
geometrie-3;Geometrie pro 3. ročník;3;7;"Opakování – úsečka; měření, rýsování a porovnávání úseček";
geometrie-3;Geometrie pro 3. ročník;3;8;"Opakování – úsečka; měření, rýsování a porovnávání úseček";
geometrie-3;Geometrie pro 3. ročník;3;9;"Opakování – úsečka; měření, rýsování a porovnávání úseček";
geometrie-3;Geometrie pro 3. ročník;3;10;"Opakování – úsečka; měření, rýsování a porovnávání úseček";
geometrie-3;Geometrie pro 3. ročník;3;11;Opakování – čtvercová síť;
geometrie-3;Geometrie pro 3. ročník;3;12;Opakování – osová souměrnost;
geometrie-3;Geometrie pro 3. ročník;3;13;Opakování – geometrické útvary;
geometrie-3;Geometrie pro 3. ročník;3;14;Opakování – geometrické útvary;
geometrie-3;Geometrie pro 3. ročník;3;15;Opakování – geometrická tělesa;
geometrie-3;Geometrie pro 3. ročník;3;16;Příklady na opakování;
geometrie-3;Geometrie pro 3. ročník;3;17;Rovina, prostor;
geometrie-3;Geometrie pro 3. ročník;3;18;Geometrická tělesa, krychle, kvádr;
geometrie-3;Geometrie pro 3. ročník;3;19;Geometrická tělesa, krychle, kvádr;
geometrie-3;Geometrie pro 3. ročník;3;20;Logické úkoly, souřadnicová síť, čtvercová síť [rozšiřující];
geometrie-3;Geometrie pro 3. ročník;3;21;Postup rýsování;
geometrie-3;Geometrie pro 3. ročník;3;22;Polopřímky;
geometrie-3;Geometrie pro 3. ročník;3;23;Polopřímky;
geometrie-3;Geometrie pro 3. ročník;3;24;Polopřímky;
geometrie-3;Geometrie pro 3. ročník;3;25;Úhel, pravý úhel;
geometrie-3;Geometrie pro 3. ročník;3;26;Svislé a vodorovné přímky, tečkovaný papír;
geometrie-3;Geometrie pro 3. ročník;3;27;Vzájemná poloha přímek – rovnoběžky, různoběžky, kolmé přímky;
geometrie-3;Geometrie pro 3. ročník;3;28;Vzájemná poloha přímek – rovnoběžky, různoběžky, kolmé přímky;
geometrie-3;Geometrie pro 3. ročník;3;29;Vzájemná poloha přímek – rovnoběžky, různoběžky, kolmé přímky;
geometrie-3;Geometrie pro 3. ročník;3;30;Příklady na opakování;
geometrie-3;Geometrie pro 3. ročník;3;31;Prostorová geometrie [rozšiřující];
geometrie-3;Geometrie pro 3. ročník;3;32;Logické úkoly, souřadnicová a čtvercová síť [rozšiřující];
geometrie-3;Geometrie pro 3. ročník;3;33;Mnohoúhelníky;
geometrie-3;Geometrie pro 3. ročník;3;34;Mnohoúhelníky;
geometrie-3;Geometrie pro 3. ročník;3;35;Mnohoúhelníky;
geometrie-3;Geometrie pro 3. ročník;3;36;Trojúhelníky;
geometrie-3;Geometrie pro 3. ročník;3;37;Trojúhelníky;
geometrie-3;Geometrie pro 3. ročník;3;38;Trojúhelníky;
geometrie-3;Geometrie pro 3. ročník;3;39;Čtyřúhelníky;
geometrie-3;Geometrie pro 3. ročník;3;40;Čtyřúhelníky;
geometrie-3;Geometrie pro 3. ročník;3;41;Čtyřúhelníky;
geometrie-3;Geometrie pro 3. ročník;3;42;Čtyřúhelníky;
geometrie-3;Geometrie pro 3. ročník;3;43;Příklady na opakování;
geometrie-3;Geometrie pro 3. ročník;3;44;Prostorová geometrie [rozšiřující];
geometrie-3;Geometrie pro 3. ročník;3;45;Logické úkoly, osová souměrnost [rozšiřující];
geometrie-3;Geometrie pro 3. ročník;3;46;Kružnice, kruh;
geometrie-3;Geometrie pro 3. ročník;3;47;Kružnice, kruh;
geometrie-3;Geometrie pro 3. ročník;3;48;Kružnice, kruh;
geometrie-3;Geometrie pro 3. ročník;3;49;Kružnice, kruh;
geometrie-3;Geometrie pro 3. ročník;3;50;Rýsování kružnice;
geometrie-3;Geometrie pro 3. ročník;3;51;Vzájemná poloha kružnice a přímky, vzájemná poloha kružnic;
geometrie-3;Geometrie pro 3. ročník;3;52;Příklady na opakování;
geometrie-3;Geometrie pro 3. ročník;3;53;Prostorová geometrie [rozšiřující];
geometrie-3;Geometrie pro 3. ročník;3;54;Logické úkoly, souřadnicová síť, čtvercová síť [rozšiřující];
geometrie-3;Geometrie pro 3. ročník;3;55;Jednoduché konstrukce pomocí kružítka – přenášení a porovnávání úseček;
geometrie-3;Geometrie pro 3. ročník;3;56;Jednoduché konstrukce pomocí kružítka – střed úsečky, kolmice;
geometrie-3;Geometrie pro 3. ročník;3;57;Jednoduché konstrukce pomocí kružítka – střed úsečky, kolmice;
geometrie-3;Geometrie pro 3. ročník;3;58;Jednoduché konstrukce pomocí kružítka – trojúhelník;
geometrie-3;Geometrie pro 3. ročník;3;59;Jednoduché konstrukce pomocí kružítka – trojúhelník;
geometrie-3;Geometrie pro 3. ročník;3;60;Jednoduché konstrukce pomocí kružítka – trojúhelník;
geometrie-3;Geometrie pro 3. ročník;3;61;Jednoduché konstrukce pomocí kružítka – trojúhelník;
geometrie-3;Geometrie pro 3. ročník;3;62;Příklady na opakování;
geometrie-3;Geometrie pro 3. ročník;3;63;Prostorová geometrie [rozšiřující];
geometrie-3;Geometrie pro 3. ročník;3;64;Logické úkoly, osová souměrnost [rozšiřující];
4-rocnik-1-dil;Matýskova matematika pro 4. ročník, 1. díl;4;2;Orientace na číselné ose, porovnávání čísel;Opakování
4-rocnik-1-dil;Matýskova matematika pro 4. ročník, 1. díl;4;3;Pamětné sčítání a odčítání;Opakování
4-rocnik-1-dil;Matýskova matematika pro 4. ročník, 1. díl;4;4;Pamětné sčítání a odčítání;Opakování
4-rocnik-1-dil;Matýskova matematika pro 4. ročník, 1. díl;4;5;Pamětné sčítání a odčítání;Opakování
4-rocnik-1-dil;Matýskova matematika pro 4. ročník, 1. díl;4;6;Víceciferná čísla, zaokrouhlování na desítky a stovky;Opakování
4-rocnik-1-dil;Matýskova matematika pro 4. ročník, 1. díl;4;7;Písemné sčítání a odčítání;Opakování
4-rocnik-1-dil;Matýskova matematika pro 4. ročník, 1. díl;4;8;Násobení a dělení;Opakování
4-rocnik-1-dil;Matýskova matematika pro 4. ročník, 1. díl;4;9;Násobení a dělení;Opakování
4-rocnik-1-dil;Matýskova matematika pro 4. ročník, 1. díl;4;10;Násobení čísel končících nulami, dělení čísel s dělencem zakončeným nulami;Opakování
4-rocnik-1-dil;Matýskova matematika pro 4. ročník, 1. díl;4;11;Početní operace se závorkami a bez závorek;Opakování
4-rocnik-1-dil;Matýskova matematika pro 4. ročník, 1. díl;4;12;Násobení a dělení mimo rozsah malé násobilky;Opakování
4-rocnik-1-dil;Matýskova matematika pro 4. ročník, 1. díl;4;13;Písemné násobení;Opakování
4-rocnik-1-dil;Matýskova matematika pro 4. ročník, 1. díl;4;14;Dělení se zbytkem;Opakování
4-rocnik-1-dil;Matýskova matematika pro 4. ročník, 1. díl;4;15;Základní převody jednotek;Opakování
4-rocnik-1-dil;Matýskova matematika pro 4. ročník, 1. díl;4;16;Výpočet jednoho a více dílů;Slovní úlohy
4-rocnik-1-dil;Matýskova matematika pro 4. ročník, 1. díl;4;17;Výpočet jednoho a více dílů;Slovní úlohy
4-rocnik-1-dil;Matýskova matematika pro 4. ročník, 1. díl;4;18;Vyvození číselného oboru 0–10 000;Číselný obor 0–10 000
4-rocnik-1-dil;Matýskova matematika pro 4. ročník, 1. díl;4;19;Vyvození číselného oboru 0–10 000;Číselný obor 0–10 000
4-rocnik-1-dil;Matýskova matematika pro 4. ročník, 1. díl;4;20;Vyvození číselného oboru 0–10 000;Číselný obor 0–10 000
4-rocnik-1-dil;Matýskova matematika pro 4. ročník, 1. díl;4;21;Určování století;Číselný obor 0–10 000
4-rocnik-1-dil;Matýskova matematika pro 4. ročník, 1. díl;4;22;Čísla 1–5ciferná;Číselný obor 0–10 000
4-rocnik-1-dil;Matýskova matematika pro 4. ročník, 1. díl;4;23;Porovnávání čísel;Číselný obor 0–10 000
4-rocnik-1-dil;Matýskova matematika pro 4. ročník, 1. díl;4;24;Porovnávání čísel;Číselný obor 0–10 000
4-rocnik-1-dil;Matýskova matematika pro 4. ročník, 1. díl;4;25;Zaokrouhlování na desítky, stovky, tisíce;Číselný obor 0–10 000
4-rocnik-1-dil;Matýskova matematika pro 4. ročník, 1. díl;4;26;Pamětné sčítání a odčítání;Číselný obor 0–10 000
4-rocnik-1-dil;Matýskova matematika pro 4. ročník, 1. díl;4;27;Pamětné sčítání a odčítání;Číselný obor 0–10 000
4-rocnik-1-dil;Matýskova matematika pro 4. ročník, 1. díl;4;28;Pamětné sčítání a odčítání;Číselný obor 0–10 000
4-rocnik-1-dil;Matýskova matematika pro 4. ročník, 1. díl;4;29;Pamětné sčítání a odčítání;Číselný obor 0–10 000
4-rocnik-1-dil;Matýskova matematika pro 4. ročník, 1. díl;4;30;Pamětné sčítání a odčítání;Číselný obor 0–10 000
4-rocnik-1-dil;Matýskova matematika pro 4. ročník, 1. díl;4;31;Pamětné sčítání a odčítání;Číselný obor 0–10 000
4-rocnik-1-dil;Matýskova matematika pro 4. ročník, 1. díl;4;32;Pamětné sčítání a odčítání;Číselný obor 0–10 000
4-rocnik-1-dil;Matýskova matematika pro 4. ročník, 1. díl;4;33;Písemné sčítání a odčítání;Číselný obor 0–10 000
4-rocnik-1-dil;Matýskova matematika pro 4. ročník, 1. díl;4;34;Písemné násobení jednociferným činitelem;Číselný obor 0–10 000
4-rocnik-1-dil;Matýskova matematika pro 4. ročník, 1. díl;4;35;Písemné násobení jednociferným činitelem;Číselný obor 0–10 000
4-rocnik-1-dil;Matýskova matematika pro 4. ročník, 1. díl;4;36;Písemné násobení dvojciferným činitelem;Číselný obor 0–10 000
4-rocnik-1-dil;Matýskova matematika pro 4. ročník, 1. díl;4;37;Písemné násobení dvojciferným činitelem;Číselný obor 0–10 000
4-rocnik-1-dil;Matýskova matematika pro 4. ročník, 1. díl;4;38;Písemné dělení jednociferným dělitelem;Číselný obor 0–10 000
4-rocnik-1-dil;Matýskova matematika pro 4. ročník, 1. díl;4;39;Písemné dělení jednociferným dělitelem;Číselný obor 0–10 000
4-rocnik-1-dil;Matýskova matematika pro 4. ročník, 1. díl;4;40;Písemné dělení jednociferným dělitelem;Číselný obor 0–10 000
4-rocnik-1-dil;Matýskova matematika pro 4. ročník, 1. díl;4;41;Písemné dělení jednociferným dělitelem;Číselný obor 0–10 000
4-rocnik-1-dil;Matýskova matematika pro 4. ročník, 1. díl;4;42;Písemné dělení jednociferným dělitelem;Číselný obor 0–10 000
4-rocnik-1-dil;Matýskova matematika pro 4. ročník, 1. díl;4;43;Písemné dělení jednociferným dělitelem;Číselný obor 0–10 000
4-rocnik-1-dil;Matýskova matematika pro 4. ročník, 1. díl;4;44;Násobení a dělení čísly 10, 100 a 1 000;Číselný obor 0–10 000
4-rocnik-1-dil;Matýskova matematika pro 4. ročník, 1. díl;4;45;Násobení – činitele zakončeny nulami, dělení – dělenec zakončen nulami;Číselný obor 0–10 000
4-rocnik-1-dil;Matýskova matematika pro 4. ročník, 1. díl;4;46;Dělení – dělenec i dělitel zakončeny nulami;Číselný obor 0–10 000
4-rocnik-1-dil;Matýskova matematika pro 4. ročník, 1. díl;4;47;Kombinované početní operace – se závorkami i bez závorek;Číselný obor 0–10 000
4-rocnik-1-dil;Matýskova matematika pro 4. ročník, 1. díl;4;48;Pamětné násobení pomocí rozkladu;Číselný obor 0–10 000
4-rocnik-1-dil;Matýskova matematika pro 4. ročník, 1. díl;4;49;Pamětné dělení pomocí rozkladu;Číselný obor 0–10 000
4-rocnik-1-dil;Matýskova matematika pro 4. ročník, 1. díl;4;50;Roznásobení závorky;Číselný obor 0–10 000
4-rocnik-1-dil;Matýskova matematika pro 4. ročník, 1. díl;4;51;Základní převody jednotek;Číselný obor 0–10 000
4-rocnik-1-dil;Matýskova matematika pro 4. ročník, 1. díl;4;52;Základní převody jednotek;Číselný obor 0–10 000
4-rocnik-1-dil;Matýskova matematika pro 4. ročník, 1. díl;4;53;Základní převody jednotek;Číselný obor 0–10 000
4-rocnik-1-dil;Matýskova matematika pro 4. ročník, 1. díl;4;54;Základní převody jednotek;Číselný obor 0–10 000
4-rocnik-1-dil;Matýskova matematika pro 4. ročník, 1. díl;4;55;Římské číslice;Číselný obor 0–10 000
4-rocnik-1-dil;Matýskova matematika pro 4. ročník, 1. díl;4;56;Římské číslice;Číselný obor 0–10 000
4-rocnik-1-dil;Matýskova matematika pro 4. ročník, 1. díl;4;57;Zlomky;Číselný obor 0–10 000
4-rocnik-1-dil;Matýskova matematika pro 4. ročník, 1. díl;4;58;Zlomky;Číselný obor 0–10 000
4-rocnik-1-dil;Matýskova matematika pro 4. ročník, 1. díl;4;59;Zlomky;Číselný obor 0–10 000
4-rocnik-1-dil;Matýskova matematika pro 4. ročník, 1. díl;4;60;Zlomky;Číselný obor 0–10 000
4-rocnik-1-dil;Matýskova matematika pro 4. ročník, 1. díl;4;61;Zlomky;Číselný obor 0–10 000
4-rocnik-1-dil;Matýskova matematika pro 4. ročník, 1. díl;4;62;Rovnice;Číselný obor 0–10 000
4-rocnik-1-dil;Matýskova matematika pro 4. ročník, 1. díl;4;63;Rovnice;Číselný obor 0–10 000
4-rocnik-1-dil;Matýskova matematika pro 4. ročník, 1. díl;4;64;Diagramy a grafy;Číselný obor 0–10 000
4-rocnik-2-dil;Matýskova matematika pro 4. ročník, 2. díl;4;2;Vyvození číselného oboru 0–100 000;
4-rocnik-2-dil;Matýskova matematika pro 4. ročník, 2. díl;4;3;Vyvození číselného oboru 0–100 000;
4-rocnik-2-dil;Matýskova matematika pro 4. ročník, 2. díl;4;4;Vyvození číselného oboru 0–1 000 000;
4-rocnik-2-dil;Matýskova matematika pro 4. ročník, 2. díl;4;5;Vyvození číselného oboru 0–1 000 000;
4-rocnik-2-dil;Matýskova matematika pro 4. ročník, 2. díl;4;6;Vyvození číselného oboru 0–1 000 000;
4-rocnik-2-dil;Matýskova matematika pro 4. ročník, 2. díl;4;7;Čísla 1–6ciferná, řády číslic;
4-rocnik-2-dil;Matýskova matematika pro 4. ročník, 2. díl;4;8;Porovnávání čísel;
4-rocnik-2-dil;Matýskova matematika pro 4. ročník, 2. díl;4;9;Porovnávání čísel;
4-rocnik-2-dil;Matýskova matematika pro 4. ročník, 2. díl;4;10;Zaokrouhlování na desítky, stovky, tisíce, desetitisíce, statisíce;
4-rocnik-2-dil;Matýskova matematika pro 4. ročník, 2. díl;4;11;Zaokrouhlování na desítky, stovky, tisíce, desetitisíce, statisíce;
4-rocnik-2-dil;Matýskova matematika pro 4. ročník, 2. díl;4;12;Magický čtverec, logické úkoly;
4-rocnik-2-dil;Matýskova matematika pro 4. ročník, 2. díl;4;13;Pamětné sčítání a odčítání;
4-rocnik-2-dil;Matýskova matematika pro 4. ročník, 2. díl;4;14;Pamětné sčítání a odčítání;
4-rocnik-2-dil;Matýskova matematika pro 4. ročník, 2. díl;4;15;Pamětné sčítání a odčítání;
4-rocnik-2-dil;Matýskova matematika pro 4. ročník, 2. díl;4;16;Pamětné sčítání a odčítání;
4-rocnik-2-dil;Matýskova matematika pro 4. ročník, 2. díl;4;17;Pamětné sčítání a odčítání;
4-rocnik-2-dil;Matýskova matematika pro 4. ročník, 2. díl;4;18;Pamětné sčítání a odčítání;
4-rocnik-2-dil;Matýskova matematika pro 4. ročník, 2. díl;4;19;Pamětné sčítání a odčítání;
4-rocnik-2-dil;Matýskova matematika pro 4. ročník, 2. díl;4;20;Pamětné sčítání a odčítání;
4-rocnik-2-dil;Matýskova matematika pro 4. ročník, 2. díl;4;21;Písemné sčítání a odčítání;
4-rocnik-2-dil;Matýskova matematika pro 4. ročník, 2. díl;4;22;Písemné sčítání více sčítanců;
4-rocnik-2-dil;Matýskova matematika pro 4. ročník, 2. díl;4;23;Písemné násobení;
4-rocnik-2-dil;Matýskova matematika pro 4. ročník, 2. díl;4;24;Písemné násobení;
4-rocnik-2-dil;Matýskova matematika pro 4. ročník, 2. díl;4;25;Písemné násobení;
4-rocnik-2-dil;Matýskova matematika pro 4. ročník, 2. díl;4;26;Písemné dělení jednociferným dělitelem beze zbytku, se zbytkem;
4-rocnik-2-dil;Matýskova matematika pro 4. ročník, 2. díl;4;27;Písemné dělení jednociferným dělitelem beze zbytku, se zbytkem;
4-rocnik-2-dil;Matýskova matematika pro 4. ročník, 2. díl;4;28;Násobení a dělení 10, 100, 1 000, 10 000 a 100 000;
4-rocnik-2-dil;Matýskova matematika pro 4. ročník, 2. díl;4;29;Násobení – činitele zakončeny nulami, dělení – dělenec zakončen nulami;
4-rocnik-2-dil;Matýskova matematika pro 4. ročník, 2. díl;4;30;Dělení – dělenec i dělitel zakončeny nulami;
4-rocnik-2-dil;Matýskova matematika pro 4. ročník, 2. díl;4;31;Dělení – dělenec i dělitel zakončeny nulami;
4-rocnik-2-dil;Matýskova matematika pro 4. ročník, 2. díl;4;32;Pamětné násobení pomocí rozkladu;
4-rocnik-2-dil;Matýskova matematika pro 4. ročník, 2. díl;4;33;Pamětné dělení pomocí rozkladu;
4-rocnik-2-dil;Matýskova matematika pro 4. ročník, 2. díl;4;34;Kombinované početní operace – se závorkami i bez závorek;
4-rocnik-2-dil;Matýskova matematika pro 4. ročník, 2. díl;4;35;Kombinované početní operace – se závorkami i bez závorek;
4-rocnik-2-dil;Matýskova matematika pro 4. ročník, 2. díl;4;36;Roznásobení závorky;
4-rocnik-2-dil;Matýskova matematika pro 4. ročník, 2. díl;4;37;Jednotky a základní převody jednotek, desítková soustava;
4-rocnik-2-dil;Matýskova matematika pro 4. ročník, 2. díl;4;38;Jednotky a základní převody jednotek, desítková soustava;
4-rocnik-2-dil;Matýskova matematika pro 4. ročník, 2. díl;4;39;Jednotky a základní převody jednotek, desítková soustava;
4-rocnik-2-dil;Matýskova matematika pro 4. ročník, 2. díl;4;40;Měřítko mapy;
4-rocnik-2-dil;Matýskova matematika pro 4. ročník, 2. díl;4;41;Plošné jednotky a jejich převody [rozšiřující];
4-rocnik-2-dil;Matýskova matematika pro 4. ročník, 2. díl;4;42;Plošné jednotky a jejich převody [rozšiřující];
4-rocnik-2-dil;Matýskova matematika pro 4. ročník, 2. díl;4;43;Plošné jednotky a jejich převody [rozšiřující];
4-rocnik-2-dil;Matýskova matematika pro 4. ročník, 2. díl;4;44;Plošné jednotky a jejich převody [rozšiřující];
4-rocnik-2-dil;Matýskova matematika pro 4. ročník, 2. díl;4;45;Převody jednotek času, šedesátková soustava;
4-rocnik-2-dil;Matýskova matematika pro 4. ročník, 2. díl;4;46;Převody jednotek času, šedesátková soustava;
4-rocnik-2-dil;Matýskova matematika pro 4. ročník, 2. díl;4;47;Římské číslice;
4-rocnik-2-dil;Matýskova matematika pro 4. ročník, 2. díl;4;48;Římské číslice;
4-rocnik-2-dil;Matýskova matematika pro 4. ročník, 2. díl;4;49;Zlomky;
4-rocnik-2-dil;Matýskova matematika pro 4. ročník, 2. díl;4;50;Zlomky;
4-rocnik-2-dil;Matýskova matematika pro 4. ročník, 2. díl;4;51;Výpočet části z celku;
4-rocnik-2-dil;Matýskova matematika pro 4. ročník, 2. díl;4;52;Výpočet části z celku;
4-rocnik-2-dil;Matýskova matematika pro 4. ročník, 2. díl;4;53;Výpočet části z celku;
4-rocnik-2-dil;Matýskova matematika pro 4. ročník, 2. díl;4;54;Odhad výsledku;
4-rocnik-2-dil;Matýskova matematika pro 4. ročník, 2. díl;4;55;Odhad výsledku;
4-rocnik-2-dil;Matýskova matematika pro 4. ročník, 2. díl;4;56;Odhad výsledku;
4-rocnik-2-dil;Matýskova matematika pro 4. ročník, 2. díl;4;57;Rovnice [rozšiřující];
4-rocnik-2-dil;Matýskova matematika pro 4. ročník, 2. díl;4;58;Rovnice [rozšiřující];
4-rocnik-2-dil;Matýskova matematika pro 4. ročník, 2. díl;4;59;Průměr čísel;
4-rocnik-2-dil;Matýskova matematika pro 4. ročník, 2. díl;4;60;Průměr čísel;
4-rocnik-2-dil;Matýskova matematika pro 4. ročník, 2. díl;4;61;Průměr čísel;
4-rocnik-2-dil;Matýskova matematika pro 4. ročník, 2. díl;4;62;Procenta [rozšiřující];
4-rocnik-2-dil;Matýskova matematika pro 4. ročník, 2. díl;4;63;Desetinná čísla [rozšiřující];
4-rocnik-2-dil;Matýskova matematika pro 4. ročník, 2. díl;4;64;Základní seznámení se zápornými čísly [rozšiřující];
geometrie-4;Geometrie pro 4. ročník;4;2;Přímka, polopřímka, úsečka;
geometrie-4;Geometrie pro 4. ročník;4;3;Přímka, polopřímka, úsečka;
geometrie-4;Geometrie pro 4. ročník;4;4;"Bod; vzájemná poloha bodu a přímky, bodu a polopřímky, bodu a úsečky";
geometrie-4;Geometrie pro 4. ročník;4;5;"Bod; vzájemná poloha bodu a přímky, bodu a polopřímky, bodu a úsečky";
geometrie-4;Geometrie pro 4. ročník;4;6;Délka úsečky;
geometrie-4;Geometrie pro 4. ročník;4;7;Délka úsečky;
geometrie-4;Geometrie pro 4. ročník;4;8;Shodné úsečky;
geometrie-4;Geometrie pro 4. ročník;4;9;Polopřímky, které leží na jedné přímce;
geometrie-4;Geometrie pro 4. ročník;4;10;"Polopřímky, které neleží na jedné přímce; úhel";
geometrie-4;Geometrie pro 4. ročník;4;11;Vzájemná poloha dvou přímek;
geometrie-4;Geometrie pro 4. ročník;4;12;Konstrukce kolmice pomocí trojúhelníku s ryskou;
geometrie-4;Geometrie pro 4. ročník;4;13;Konstrukce rovnoběžek pomocí trojúhelníku a pravítka;
geometrie-4;Geometrie pro 4. ročník;4;14;Kružnice, kruh;
geometrie-4;Geometrie pro 4. ročník;4;15;Kružnice, kruh;
geometrie-4;Geometrie pro 4. ročník;4;16;Vzájemná poloha přímky a kružnice, vzájemná poloha kružnic;
geometrie-4;Geometrie pro 4. ročník;4;17;Vzájemná poloha přímky a kružnice, vzájemná poloha kružnic;
geometrie-4;Geometrie pro 4. ročník;4;18;Opakování;
geometrie-4;Geometrie pro 4. ročník;4;19;Prostorová geometrie, logické úkoly [rozšiřující];
geometrie-4;Geometrie pro 4. ročník;4;20;Prostorová geometrie, logické úkoly [rozšiřující];
geometrie-4;Geometrie pro 4. ročník;4;21;Mnohoúhelníky, obvod mnohoúhelníku;
geometrie-4;Geometrie pro 4. ročník;4;22;Obsah mnohoúhelníku;
geometrie-4;Geometrie pro 4. ročník;4;23;Obsah mnohoúhelníku;
geometrie-4;Geometrie pro 4. ročník;4;24;Čtyřúhelníky [rozšiřující];
geometrie-4;Geometrie pro 4. ročník;4;25;Čtverec, obdélník;
geometrie-4;Geometrie pro 4. ročník;4;26;Čtverec, obdélník;
geometrie-4;Geometrie pro 4. ročník;4;27;Konstrukce čtverce a obdélníku;
geometrie-4;Geometrie pro 4. ročník;4;28;Konstrukce čtverce a obdélníku;
geometrie-4;Geometrie pro 4. ročník;4;29;Obvod čtverce a obdélníku;
geometrie-4;Geometrie pro 4. ročník;4;30;Obsah čtverce a obdélníku [rozšiřující];
geometrie-4;Geometrie pro 4. ročník;4;31;Obsah čtverce a obdélníku [rozšiřující];
geometrie-4;Geometrie pro 4. ročník;4;32;Obsah čtverce a obdélníku [rozšiřující];
geometrie-4;Geometrie pro 4. ročník;4;33;Opakování;
geometrie-4;Geometrie pro 4. ročník;4;34;Prostorová geometrie, logické úkoly [rozšiřující];
geometrie-4;Geometrie pro 4. ročník;4;35;Prostorová geometrie, logické úkoly [rozšiřující];
geometrie-4;Geometrie pro 4. ročník;4;36;Přenášení a porovnávání úseček – pomocí kružítka;
geometrie-4;Geometrie pro 4. ročník;4;37;Grafický součet a rozdíl úseček;
geometrie-4;Geometrie pro 4. ročník;4;38;Grafický součet a rozdíl úseček;
geometrie-4;Geometrie pro 4. ročník;4;39;Střed úsečky, kolmice – konstrukce pomocí kružítka;
geometrie-4;Geometrie pro 4. ročník;4;40;Střed úsečky, kolmice – konstrukce pomocí kružítka;
geometrie-4;Geometrie pro 4. ročník;4;41;Střed úsečky, kolmice – konstrukce pomocí kružítka;
geometrie-4;Geometrie pro 4. ročník;4;42;Trojúhelník;
geometrie-4;Geometrie pro 4. ročník;4;43;Trojúhelník;
geometrie-4;Geometrie pro 4. ročník;4;44;Konstrukce pravoúhlého trojúhelníku;
geometrie-4;Geometrie pro 4. ročník;4;45;Trojúhelníková nerovnost;
geometrie-4;Geometrie pro 4. ročník;4;46;Konstrukce trojúhelníku;
geometrie-4;Geometrie pro 4. ročník;4;47;Konstrukce trojúhelníku;
geometrie-4;Geometrie pro 4. ročník;4;48;Opakování;
geometrie-4;Geometrie pro 4. ročník;4;49;Prostorová geometrie, logické úkoly [rozšiřující];
geometrie-4;Geometrie pro 4. ročník;4;50;Prostorová geometrie, logické úkoly [rozšiřující];
geometrie-4;Geometrie pro 4. ročník;4;51;Obvod trojúhelníku;
geometrie-4;Geometrie pro 4. ročník;4;52;Obvod trojúhelníku;
geometrie-4;Geometrie pro 4. ročník;4;53;Obsah trojúhelníku – výpočet pomocí tečkovaného papíru;
geometrie-4;Geometrie pro 4. ročník;4;54;Osová souměrnost, osově souměrné útvary;
geometrie-4;Geometrie pro 4. ročník;4;55;Osová souměrnost, osově souměrné útvary;
geometrie-4;Geometrie pro 4. ročník;4;56;Geometrická tělesa;
geometrie-4;Geometrie pro 4. ročník;4;57;Geometrická tělesa;
geometrie-4;Geometrie pro 4. ročník;4;58;Síť krychle a povrch krychle [rozšiřující];
geometrie-4;Geometrie pro 4. ročník;4;59;Síť krychle a povrch krychle [rozšiřující];
geometrie-4;Geometrie pro 4. ročník;4;60;Síť kvádru a povrch kvádru [rozšiřující];
geometrie-4;Geometrie pro 4. ročník;4;61;Síť kvádru a povrch kvádru [rozšiřující];
geometrie-4;Geometrie pro 4. ročník;4;62;Opakování;
geometrie-4;Geometrie pro 4. ročník;4;63;Prostorová geometrie, logické úkoly [rozšiřující];
geometrie-4;Geometrie pro 4. ročník;4;64;Prostorová geometrie, logické úkoly [rozšiřující];
5-rocnik-1-dil;Matýskova matematika pro 5. ročník, 1. díl;5;2;Orientace na číselné ose, rozvinutý zápis čísla;Opakování
5-rocnik-1-dil;Matýskova matematika pro 5. ročník, 1. díl;5;3;Sudá a lichá čísla, porovnávání čísel;Opakování
5-rocnik-1-dil;Matýskova matematika pro 5. ročník, 1. díl;5;4;Zaokrouhlování čísel;Opakování
5-rocnik-1-dil;Matýskova matematika pro 5. ročník, 1. díl;5;5;Sčítání a odčítání;Opakování
5-rocnik-1-dil;Matýskova matematika pro 5. ročník, 1. díl;5;6;Sčítání a odčítání;Opakování
5-rocnik-1-dil;Matýskova matematika pro 5. ročník, 1. díl;5;7;Sčítání a odčítání;Opakování
5-rocnik-1-dil;Matýskova matematika pro 5. ročník, 1. díl;5;8;Sčítání a odčítání;Opakování
5-rocnik-1-dil;Matýskova matematika pro 5. ročník, 1. díl;5;9;Násobení a dělení, příklady s více početními operacemi;Opakování
5-rocnik-1-dil;Matýskova matematika pro 5. ročník, 1. díl;5;10;Násobení a dělení, příklady s více početními operacemi;Opakování
5-rocnik-1-dil;Matýskova matematika pro 5. ročník, 1. díl;5;11;Dělení se zbytkem, písemné násobení a dělení;Opakování
5-rocnik-1-dil;Matýskova matematika pro 5. ročník, 1. díl;5;12;Dělení se zbytkem, písemné násobení a dělení;Opakování
5-rocnik-1-dil;Matýskova matematika pro 5. ročník, 1. díl;5;13;Čísla zakončená nulami – násobení a dělení;Opakování
5-rocnik-1-dil;Matýskova matematika pro 5. ročník, 1. díl;5;14;Pamětné násobení a dělení pomocí rozkladu;Opakování
5-rocnik-1-dil;Matýskova matematika pro 5. ročník, 1. díl;5;15;Kombinované početní operace;Opakování
5-rocnik-1-dil;Matýskova matematika pro 5. ročník, 1. díl;5;16;Kombinované početní operace;Opakování
5-rocnik-1-dil;Matýskova matematika pro 5. ročník, 1. díl;5;17;Rovnice;Opakování
5-rocnik-1-dil;Matýskova matematika pro 5. ročník, 1. díl;5;18;Rovnice;Opakování
5-rocnik-1-dil;Matýskova matematika pro 5. ročník, 1. díl;5;19;Užití matematických vědomostí, příklady k procvičení;Opakování
5-rocnik-1-dil;Matýskova matematika pro 5. ročník, 1. díl;5;20;Zlomky, výpočet částí z celku;Opakování
5-rocnik-1-dil;Matýskova matematika pro 5. ročník, 1. díl;5;21;Zlomky, výpočet částí z celku;Opakování
5-rocnik-1-dil;Matýskova matematika pro 5. ročník, 1. díl;5;22;Převody jednotek – jednotky délky;Opakování
5-rocnik-1-dil;Matýskova matematika pro 5. ročník, 1. díl;5;23;Převody jednotek – jednotky délky;Opakování
5-rocnik-1-dil;Matýskova matematika pro 5. ročník, 1. díl;5;24;Převody jednotek – jednotky hmotnosti;Opakování
5-rocnik-1-dil;Matýskova matematika pro 5. ročník, 1. díl;5;25;Převody jednotek – jednotky hmotnosti;Opakování
5-rocnik-1-dil;Matýskova matematika pro 5. ročník, 1. díl;5;26;Převody jednotek – jednotky objemu;Opakování
5-rocnik-1-dil;Matýskova matematika pro 5. ročník, 1. díl;5;27;Převody jednotek – jednotky objemu;Opakování
5-rocnik-1-dil;Matýskova matematika pro 5. ročník, 1. díl;5;28;Užití matematických vědomostí, příklady k procvičení;Opakování
5-rocnik-1-dil;Matýskova matematika pro 5. ročník, 1. díl;5;29;Převody jednotek – plošné jednotky;Opakování
5-rocnik-1-dil;Matýskova matematika pro 5. ročník, 1. díl;5;30;Převody jednotek – plošné jednotky;Opakování
5-rocnik-1-dil;Matýskova matematika pro 5. ročník, 1. díl;5;30;Jednotky rychlosti, jednotky teploty;Opakování
5-rocnik-1-dil;Matýskova matematika pro 5. ročník, 1. díl;5;31;Převody jednotek – jednotky času;Opakování
5-rocnik-1-dil;Matýskova matematika pro 5. ročník, 1. díl;5;32;Užití matematických vědomostí, příklady k procvičení;Opakování
5-rocnik-1-dil;Matýskova matematika pro 5. ročník, 1. díl;5;33;Výpočet jednoho a více dílů, výpočet jedné a více částí;Opakování
5-rocnik-1-dil;Matýskova matematika pro 5. ročník, 1. díl;5;34;Výpočet jednoho a více dílů, výpočet jedné a více částí;Opakování
5-rocnik-1-dil;Matýskova matematika pro 5. ročník, 1. díl;5;35;Aritmetický průměr, odhad výsledku;Opakování
5-rocnik-1-dil;Matýskova matematika pro 5. ročník, 1. díl;5;36;Užití matematických vědomostí, příklady k procvičení;Opakování
5-rocnik-1-dil;Matýskova matematika pro 5. ročník, 1. díl;5;37;Diagramy a grafy;Opakování
5-rocnik-1-dil;Matýskova matematika pro 5. ročník, 1. díl;5;38;Diagramy a grafy;Opakování
5-rocnik-1-dil;Matýskova matematika pro 5. ročník, 1. díl;5;39;Pamětné dělení se zbytkem;
5-rocnik-1-dil;Matýskova matematika pro 5. ročník, 1. díl;5;40;Pamětné dělení se zbytkem;
5-rocnik-1-dil;Matýskova matematika pro 5. ročník, 1. díl;5;41;Užití matematických vědomostí, příklady k procvičení;
5-rocnik-1-dil;Matýskova matematika pro 5. ročník, 1. díl;5;42;Písemné dělení dvojciferným číslem;
5-rocnik-1-dil;Matýskova matematika pro 5. ročník, 1. díl;5;43;Písemné dělení dvojciferným číslem;
5-rocnik-1-dil;Matýskova matematika pro 5. ročník, 1. díl;5;44;Písemné dělení dvojciferným číslem;
5-rocnik-1-dil;Matýskova matematika pro 5. ročník, 1. díl;5;45;Užití matematických vědomostí, příklady k procvičení;
5-rocnik-1-dil;Matýskova matematika pro 5. ročník, 1. díl;5;46;Písemné dělení dvojciferným číslem, zkrácený zápis;
5-rocnik-1-dil;Matýskova matematika pro 5. ročník, 1. díl;5;47;Písemné dělení dvojciferným číslem, zkrácený zápis;
5-rocnik-1-dil;Matýskova matematika pro 5. ročník, 1. díl;5;48;Zlomky;
5-rocnik-1-dil;Matýskova matematika pro 5. ročník, 1. díl;5;49;Zlomky;
5-rocnik-1-dil;Matýskova matematika pro 5. ročník, 1. díl;5;50;Užití matematických vědomostí, příklady k procvičení;
5-rocnik-1-dil;Matýskova matematika pro 5. ročník, 1. díl;5;51;Desetinná čísla – základní seznámení, orientace na číselné ose, porovnávání;
5-rocnik-1-dil;Matýskova matematika pro 5. ročník, 1. díl;5;52;Desetinná čísla – základní seznámení, orientace na číselné ose, porovnávání;
5-rocnik-1-dil;Matýskova matematika pro 5. ročník, 1. díl;5;53;Desetinná čísla – základní seznámení, orientace na číselné ose, porovnávání;
5-rocnik-1-dil;Matýskova matematika pro 5. ročník, 1. díl;5;54;Desetinná čísla – základní seznámení, orientace na číselné ose, porovnávání;
5-rocnik-1-dil;Matýskova matematika pro 5. ročník, 1. díl;5;55;Užití matematických vědomostí, příklady k procvičení;
5-rocnik-1-dil;Matýskova matematika pro 5. ročník, 1. díl;5;56;Desetinná čísla – sčítání a odčítání;
5-rocnik-1-dil;Matýskova matematika pro 5. ročník, 1. díl;5;57;Desetinná čísla – sčítání a odčítání;
5-rocnik-1-dil;Matýskova matematika pro 5. ročník, 1. díl;5;58;Užití matematických vědomostí, příklady k procvičení;
5-rocnik-1-dil;Matýskova matematika pro 5. ročník, 1. díl;5;59;Finanční gramotnost;
5-rocnik-1-dil;Matýskova matematika pro 5. ročník, 1. díl;5;60;Finanční gramotnost;
5-rocnik-1-dil;Matýskova matematika pro 5. ročník, 1. díl;5;61;Finanční gramotnost;
5-rocnik-1-dil;Matýskova matematika pro 5. ročník, 1. díl;5;62;Římské číslice;
5-rocnik-1-dil;Matýskova matematika pro 5. ročník, 1. díl;5;63;Římské číslice;
5-rocnik-1-dil;Matýskova matematika pro 5. ročník, 1. díl;5;64;Opakování;
5-rocnik-2-dil;Matýskova matematika pro 5. ročník, 2. díl;5;2;Vyvození číselného oboru;Obor velkých čísel (od nuly po miliardy)
5-rocnik-2-dil;Matýskova matematika pro 5. ročník, 2. díl;5;3;Vyvození číselného oboru;Obor velkých čísel (od nuly po miliardy)
5-rocnik-2-dil;Matýskova matematika pro 5. ročník, 2. díl;5;4;Vyvození číselného oboru;Obor velkých čísel (od nuly po miliardy)
5-rocnik-2-dil;Matýskova matematika pro 5. ročník, 2. díl;5;5;Vyvození číselného oboru;Obor velkých čísel (od nuly po miliardy)
5-rocnik-2-dil;Matýskova matematika pro 5. ročník, 2. díl;5;6;Zaokrouhlování a porovnávání čísel;Obor velkých čísel (od nuly po miliardy)
5-rocnik-2-dil;Matýskova matematika pro 5. ročník, 2. díl;5;7;Příklady k procvičení;Obor velkých čísel (od nuly po miliardy)
5-rocnik-2-dil;Matýskova matematika pro 5. ročník, 2. díl;5;8;Pamětné sčítání a odčítání;Obor velkých čísel (od nuly po miliardy)
5-rocnik-2-dil;Matýskova matematika pro 5. ročník, 2. díl;5;9;Pamětné sčítání a odčítání;Obor velkých čísel (od nuly po miliardy)
5-rocnik-2-dil;Matýskova matematika pro 5. ročník, 2. díl;5;10;Písemné sčítání a odčítání;Obor velkých čísel (od nuly po miliardy)
5-rocnik-2-dil;Matýskova matematika pro 5. ročník, 2. díl;5;11;Příklady k procvičení;Obor velkých čísel (od nuly po miliardy)
5-rocnik-2-dil;Matýskova matematika pro 5. ročník, 2. díl;5;12;Násobení a dělení;Obor velkých čísel (od nuly po miliardy)
5-rocnik-2-dil;Matýskova matematika pro 5. ročník, 2. díl;5;13;Násobení a dělení;Obor velkých čísel (od nuly po miliardy)
5-rocnik-2-dil;Matýskova matematika pro 5. ročník, 2. díl;5;14;Početní operace se závorkami a bez závorek, pamětné násobení a dělení pomocí rozkladu;Obor velkých čísel (od nuly po miliardy)
5-rocnik-2-dil;Matýskova matematika pro 5. ročník, 2. díl;5;15;Příklady k procvičení;Obor velkých čísel (od nuly po miliardy)
5-rocnik-2-dil;Matýskova matematika pro 5. ročník, 2. díl;5;16;Odhad výsledku;Obor velkých čísel (od nuly po miliardy)
5-rocnik-2-dil;Matýskova matematika pro 5. ročník, 2. díl;5;17;Odhad výsledku;Obor velkých čísel (od nuly po miliardy)
5-rocnik-2-dil;Matýskova matematika pro 5. ročník, 2. díl;5;18;Zapisování velkých čísel v textu;Obor velkých čísel (od nuly po miliardy)
5-rocnik-2-dil;Matýskova matematika pro 5. ročník, 2. díl;5;19;Příklady k procvičení;Obor velkých čísel (od nuly po miliardy)
5-rocnik-2-dil;Matýskova matematika pro 5. ročník, 2. díl;5;20;Desetinná čísla;
5-rocnik-2-dil;Matýskova matematika pro 5. ročník, 2. díl;5;21;Desetinná čísla – násobení a dělení desetinných čísel čísly 10, 100 a 1 000;
5-rocnik-2-dil;Matýskova matematika pro 5. ročník, 2. díl;5;22;Desítková soustava, převody jednotek;
5-rocnik-2-dil;Matýskova matematika pro 5. ročník, 2. díl;5;23;Jednotky délky – zapisování desetinnými čísly;
5-rocnik-2-dil;Matýskova matematika pro 5. ročník, 2. díl;5;24;Příklady k procvičení;
5-rocnik-2-dil;Matýskova matematika pro 5. ročník, 2. díl;5;25;Jednotky objemu – zapisování desetinnými čísly;
5-rocnik-2-dil;Matýskova matematika pro 5. ročník, 2. díl;5;26;Jednotky hmotnosti – zapisování desetinnými čísly;
5-rocnik-2-dil;Matýskova matematika pro 5. ročník, 2. díl;5;27;Jednotky času, šedesátková soustava;
5-rocnik-2-dil;Matýskova matematika pro 5. ročník, 2. díl;5;28;Části z celku – aplikace na jednotky hmotnosti, objemu, délky a času;
5-rocnik-2-dil;Matýskova matematika pro 5. ročník, 2. díl;5;29;Příklady k procvičení;
5-rocnik-2-dil;Matýskova matematika pro 5. ročník, 2. díl;5;30;Části z celku – čtvrt, půl, tři čtvrtě, aplikace na jednotky délky, hmotnosti, objemu;
5-rocnik-2-dil;Matýskova matematika pro 5. ročník, 2. díl;5;31;Části z celku – čtvrt, půl, tři čtvrtě, aplikace na jednotky délky, hmotnosti, objemu;
5-rocnik-2-dil;Matýskova matematika pro 5. ročník, 2. díl;5;32;Části z celku – čtvrt, půl, tři čtvrtě, aplikace na jednotky délky, hmotnosti, objemu;
5-rocnik-2-dil;Matýskova matematika pro 5. ročník, 2. díl;5;33;Části z celku – čtvrt, půl, tři čtvrtě, aplikace na jednotky délky, hmotnosti, objemu;
5-rocnik-2-dil;Matýskova matematika pro 5. ročník, 2. díl;5;34;Příklady k procvičení;
5-rocnik-2-dil;Matýskova matematika pro 5. ročník, 2. díl;5;35;Procenta [rozšiřující];
5-rocnik-2-dil;Matýskova matematika pro 5. ročník, 2. díl;5;36;Procenta [rozšiřující];
5-rocnik-2-dil;Matýskova matematika pro 5. ročník, 2. díl;5;37;Záporná čísla;
5-rocnik-2-dil;Matýskova matematika pro 5. ročník, 2. díl;5;38;Záporná čísla;
5-rocnik-2-dil;Matýskova matematika pro 5. ročník, 2. díl;5;39;Příklady k procvičení;
5-rocnik-2-dil;Matýskova matematika pro 5. ročník, 2. díl;5;40;Finanční gramotnost – rodinné hospodaření;
5-rocnik-2-dil;Matýskova matematika pro 5. ročník, 2. díl;5;41;Finanční gramotnost – rodinné hospodaření;
5-rocnik-2-dil;Matýskova matematika pro 5. ročník, 2. díl;5;42;Finanční gramotnost – bankovky, mince, měna, půjčky;
5-rocnik-2-dil;Matýskova matematika pro 5. ročník, 2. díl;5;43;Finanční gramotnost – bankovky, mince, měna, půjčky;
5-rocnik-2-dil;Matýskova matematika pro 5. ročník, 2. díl;5;44;Finanční gramotnost – bankovky, mince, měna, půjčky;
5-rocnik-2-dil;Matýskova matematika pro 5. ročník, 2. díl;5;45;Finanční gramotnost – bankovky, mince, měna, půjčky;
5-rocnik-2-dil;Matýskova matematika pro 5. ročník, 2. díl;5;46;Příklady k procvičení;
5-rocnik-2-dil;Matýskova matematika pro 5. ročník, 2. díl;5;47;Římské číslice;
5-rocnik-2-dil;Matýskova matematika pro 5. ročník, 2. díl;5;48;Rovnice a nerovnice;
5-rocnik-2-dil;Matýskova matematika pro 5. ročník, 2. díl;5;49;Rovnice a nerovnice;
5-rocnik-2-dil;Matýskova matematika pro 5. ročník, 2. díl;5;50;Rovnice a nerovnice;
5-rocnik-2-dil;Matýskova matematika pro 5. ročník, 2. díl;5;51;Soustava rovnic;
5-rocnik-2-dil;Matýskova matematika pro 5. ročník, 2. díl;5;52;Příklady k procvičení;
5-rocnik-2-dil;Matýskova matematika pro 5. ročník, 2. díl;5;53;Příklady k procvičení;
5-rocnik-2-dil;Matýskova matematika pro 5. ročník, 2. díl;5;54;Příklady k procvičení;
5-rocnik-2-dil;Matýskova matematika pro 5. ročník, 2. díl;5;55;Užití matematických vědomostí [rozšiřující];
5-rocnik-2-dil;Matýskova matematika pro 5. ročník, 2. díl;5;56;Užití matematických vědomostí [rozšiřující];
5-rocnik-2-dil;Matýskova matematika pro 5. ročník, 2. díl;5;57;Užití matematických vědomostí [rozšiřující];
5-rocnik-2-dil;Matýskova matematika pro 5. ročník, 2. díl;5;58;Užití matematických vědomostí [rozšiřující];
5-rocnik-2-dil;Matýskova matematika pro 5. ročník, 2. díl;5;59;Užití matematických vědomostí [rozšiřující];
5-rocnik-2-dil;Matýskova matematika pro 5. ročník, 2. díl;5;60;Užití matematických vědomostí [rozšiřující];
5-rocnik-2-dil;Matýskova matematika pro 5. ročník, 2. díl;5;61;Užití matematických vědomostí [rozšiřující];
5-rocnik-2-dil;Matýskova matematika pro 5. ročník, 2. díl;5;62;Užití matematických vědomostí [rozšiřující];
5-rocnik-2-dil;Matýskova matematika pro 5. ročník, 2. díl;5;63;Užití matematických vědomostí [rozšiřující];
5-rocnik-2-dil;Matýskova matematika pro 5. ročník, 2. díl;5;64;Užití matematických vědomostí [rozšiřující];
geometrie-5;Geometrie pro 5. ročník;5;2;Rovina, prostor;
geometrie-5;Geometrie pro 5. ročník;5;3;Bod, přímka, polopřímka, úsečka;
geometrie-5;Geometrie pro 5. ročník;5;4;Bod, přímka, polopřímka, úsečka;
geometrie-5;Geometrie pro 5. ročník;5;5;Bod, přímka, polopřímka, úsečka;
geometrie-5;Geometrie pro 5. ročník;5;6;Vzájemná poloha přímek;
geometrie-5;Geometrie pro 5. ročník;5;7;Vzájemná poloha polopřímek;
geometrie-5;Geometrie pro 5. ročník;5;8;Úhel;
geometrie-5;Geometrie pro 5. ročník;5;9;Opakování, prostorová geometrie;
geometrie-5;Geometrie pro 5. ročník;5;10;Opakování, prostorová geometrie;
geometrie-5;Geometrie pro 5. ročník;5;11;Kružnice, kruh;
geometrie-5;Geometrie pro 5. ročník;5;12;Vzájemná poloha kružnice a přímky, vzájemná poloha kružnic;
geometrie-5;Geometrie pro 5. ročník;5;13;Porovnávání úseček, grafický součet a rozdíl úseček;
geometrie-5;Geometrie pro 5. ročník;5;14;Sestrojení kolmice pomocí kružítka;
geometrie-5;Geometrie pro 5. ročník;5;15;Opakování, prostorová geometrie;
geometrie-5;Geometrie pro 5. ročník;5;16;Opakování, prostorová geometrie;
geometrie-5;Geometrie pro 5. ročník;5;17;Dělení mnohoúhelníků, čtyřúhelníky;
geometrie-5;Geometrie pro 5. ročník;5;18;Dělení mnohoúhelníků, čtyřúhelníky;
geometrie-5;Geometrie pro 5. ročník;5;19;Mnohoúhelníky – obvod a obsah;
geometrie-5;Geometrie pro 5. ročník;5;20;Mnohoúhelníky – obvod a obsah;
geometrie-5;Geometrie pro 5. ročník;5;21;Opakování, prostorová geometrie;
geometrie-5;Geometrie pro 5. ročník;5;22;Opakování, prostorová geometrie;
geometrie-5;Geometrie pro 5. ročník;5;23;Čtverec a obdélník – vlastnosti a rýsování;
geometrie-5;Geometrie pro 5. ročník;5;24;Čtverec a obdélník – vlastnosti a rýsování;
geometrie-5;Geometrie pro 5. ročník;5;25;Čtverec a obdélník – vlastnosti a rýsování;
geometrie-5;Geometrie pro 5. ročník;5;26;Čtverec a obdélník – obvod a obsah;
geometrie-5;Geometrie pro 5. ročník;5;27;Čtverec a obdélník – obvod a obsah;
geometrie-5;Geometrie pro 5. ročník;5;28;Čtverec a obdélník – obvod a obsah;
geometrie-5;Geometrie pro 5. ročník;5;29;Čtverec a obdélník – obvod a obsah;
geometrie-5;Geometrie pro 5. ročník;5;30;Opakování, prostorová geometrie;
geometrie-5;Geometrie pro 5. ročník;5;31;Opakování, prostorová geometrie;
geometrie-5;Geometrie pro 5. ročník;5;32;Trojúhelníky – vlastnosti a rýsování;
geometrie-5;Geometrie pro 5. ročník;5;33;Trojúhelníky – vlastnosti a rýsování;
geometrie-5;Geometrie pro 5. ročník;5;34;Trojúhelníky – vlastnosti a rýsování;
geometrie-5;Geometrie pro 5. ročník;5;35;Trojúhelníky – obvod a obsah;
geometrie-5;Geometrie pro 5. ročník;5;36;Trojúhelníky – obvod a obsah;
geometrie-5;Geometrie pro 5. ročník;5;37;Trojúhelníky – obvod a obsah;
geometrie-5;Geometrie pro 5. ročník;5;38;Opakování, prostorová geometrie;
geometrie-5;Geometrie pro 5. ročník;5;39;Opakování, prostorová geometrie;
geometrie-5;Geometrie pro 5. ročník;5;40;Soustava souřadnic;
geometrie-5;Geometrie pro 5. ročník;5;41;Soustava souřadnic;
geometrie-5;Geometrie pro 5. ročník;5;42;Konstrukce diagramů;
geometrie-5;Geometrie pro 5. ročník;5;43;Osová souměrnost – osa souměrnosti;
geometrie-5;Geometrie pro 5. ročník;5;44;Osová souměrnost – konstrukce osově souměrných útvarů;
geometrie-5;Geometrie pro 5. ročník;5;45;Osová souměrnost – konstrukce osově souměrných útvarů;
geometrie-5;Geometrie pro 5. ročník;5;46;Opakování, prostorová geometrie;
geometrie-5;Geometrie pro 5. ročník;5;47;Opakování, prostorová geometrie;
geometrie-5;Geometrie pro 5. ročník;5;48;Geometrická tělesa;
geometrie-5;Geometrie pro 5. ročník;5;49;Geometrická tělesa;
geometrie-5;Geometrie pro 5. ročník;5;50;Síť krychle a povrch krychle;
geometrie-5;Geometrie pro 5. ročník;5;51;Síť krychle a povrch krychle;
geometrie-5;Geometrie pro 5. ročník;5;52;Síť kvádru a povrch kvádru;
geometrie-5;Geometrie pro 5. ročník;5;53;Síť kvádru a povrch kvádru;
geometrie-5;Geometrie pro 5. ročník;5;54;Opakování, prostorová geometrie;
geometrie-5;Geometrie pro 5. ročník;5;55;Opakování, prostorová geometrie;
geometrie-5;Geometrie pro 5. ročník;5;56;Závěrečné opakování;
geometrie-5;Geometrie pro 5. ročník;5;57;Užití matematických vědomostí [rozšiřující];
geometrie-5;Geometrie pro 5. ročník;5;58;Užití matematických vědomostí [rozšiřující];
geometrie-5;Geometrie pro 5. ročník;5;59;Užití matematických vědomostí [rozšiřující];
geometrie-5;Geometrie pro 5. ročník;5;60;Užití matematických vědomostí [rozšiřující];
geometrie-5;Geometrie pro 5. ročník;5;61;Užití matematických vědomostí [rozšiřující];
geometrie-5;Geometrie pro 5. ročník;5;62;Užití matematických vědomostí [rozšiřující];
geometrie-5;Geometrie pro 5. ročník;5;63;Užití matematických vědomostí [rozšiřující];
geometrie-5;Geometrie pro 5. ročník;5;64;Užití matematických vědomostí [rozšiřující];
